{"cameraMode":{"drawMode":0,"name":"Shaded","section":"Shading Mode"},"sceneLighting":true,"audioPlay":false,"sceneViewState":{"m_AlwaysRefresh":false,"showFog":true,"showSkybox":true,"showFlares":true,"showImageEffects":true,"showParticleSystems":true,"showVisualEffectGraphs":true,"m_FxEnabled":true},"in2DMode":false,"pivot":{"x":-1.4762449264526368,"y":1.5581469535827637,"z":-1.7059822082519532},"rotation":{"x":-0.13992191851139069,"y":0.8465973138809204,"z":-0.27194464206695559,"w":-0.4355951249599457},"size":12.293112754821778,"orthographic":false}